{
  "run_id": "2026-04-22_native-ping-hotpath",
  "trials": 7,
  "workers": {
    "raw_pycubrid_ping": {
      "ping_only": {
        "native": {
          "throughput_ops_s": {
            "trial_values": [
              5386.289953855247,
              5429.265026481503,
              5423.989676524137,
              5408.851695711061,
              5390.584091662772,
              5395.665409479616,
              5423.225531300038
            ],
            "median": 5408.851695711061,
            "iqr": 30.48285334089269,
            "min": 5386.289953855247,
            "max": 5429.265026481503,
            "q25": 5393.124750571194,
            "q75": 5423.607603912087
          },
          "p50_ns": {
            "trial_values": [
              176131.0,
              175345.0,
              175751.0,
              175943.0,
              176095.0,
              175959.0,
              175686.0
            ],
            "median": 175943.0,
            "iqr": 308.5,
            "min": 175345.0,
            "max": 176131.0,
            "q25": 175718.5,
            "q75": 176027.0
          },
          "p95_ns": {
            "trial_values": [
              220758.0,
              218025.0,
              218707.0,
              218758.0,
              220716.0,
              220283.0,
              218586.0
            ],
            "median": 218758.0,
            "iqr": 1853.0,
            "min": 218025.0,
            "max": 220758.0,
            "q25": 218646.5,
            "q75": 220499.5
          },
          "errors": {
            "trial_values": [
              0.0,
              0.0,
              0.0,
              0.0,
              0.0,
              0.0,
              0.0
            ],
            "median": 0.0,
            "iqr": 0.0,
            "min": 0.0,
            "max": 0.0,
            "q25": 0.0,
            "q75": 0.0
          }
        },
        "select1": {
          "throughput_ops_s": {
            "trial_values": [
              1423.3565569939979,
              1404.803178624627,
              1420.6683377531194,
              1448.8859850221186,
              1426.1444750034268,
              1420.4447391185158,
              1412.686524194569
            ],
            "median": 1420.6683377531194,
            "iqr": 8.18488434216988,
            "min": 1404.803178624627,
            "max": 1448.8859850221186,
            "q25": 1416.5656316565423,
            "q75": 1424.7505159987122
          },
          "p50_ns": {
            "trial_values": [
              667268.0,
              676110.0,
              675447.0,
              663029.0,
              665551.0,
              668215.0,
              670362.0
            ],
            "median": 668215.0,
            "iqr": 6495.0,
            "min": 663029.0,
            "max": 676110.0,
            "q25": 666409.5,
            "q75": 672904.5
          },
          "p95_ns": {
            "trial_values": [
              931752.0,
              942855.0,
              895612.0,
              872658.0,
              926110.0,
              927300.0,
              938824.0
            ],
            "median": 927300.0,
            "iqr": 24427.0,
            "min": 872658.0,
            "max": 942855.0,
            "q25": 910861.0,
            "q75": 935288.0
          },
          "errors": {
            "trial_values": [
              0.0,
              0.0,
              0.0,
              0.0,
              0.0,
              0.0,
              0.0
            ],
            "median": 0.0,
            "iqr": 0.0,
            "min": 0.0,
            "max": 0.0,
            "q25": 0.0,
            "q75": 0.0
          }
        }
      },
      "ping_select_by_pk": {
        "native": {
          "throughput_ops_s": {
            "trial_values": [
              740.2435988746417,
              746.3984811283497,
              744.5928639953379,
              747.6011383042066,
              755.1614536363961,
              741.2563303897437,
              752.5922864310503
            ],
            "median": 746.3984811283497,
            "iqr": 7.172115175087697,
            "min": 740.2435988746417,
            "max": 755.1614536363961,
            "q25": 742.9245971925408,
            "q75": 750.0967123676285
          },
          "p50_ns": {
            "trial_values": [
              1292794.0,
              1282533.0,
              1287326.0,
              1294955.0,
              1269045.0,
              1290892.0,
              1270709.0
            ],
            "median": 1287326.0,
            "iqr": 15222.0,
            "min": 1269045.0,
            "max": 1294955.0,
            "q25": 1276621.0,
            "q75": 1291843.0
          },
          "p95_ns": {
            "trial_values": [
              1772870.0,
              1771415.0,
              1762163.0,
              1731798.0,
              1730314.0,
              1781148.0,
              1745064.0
            ],
            "median": 1762163.0,
            "iqr": 33711.5,
            "min": 1730314.0,
            "max": 1781148.0,
            "q25": 1738431.0,
            "q75": 1772142.5
          },
          "errors": {
            "trial_values": [
              0.0,
              0.0,
              0.0,
              0.0,
              0.0,
              0.0,
              0.0
            ],
            "median": 0.0,
            "iqr": 0.0,
            "min": 0.0,
            "max": 0.0,
            "q25": 0.0,
            "q75": 0.0
          }
        },
        "select1": {
          "throughput_ops_s": {
            "trial_values": [
              537.7851789804633,
              535.6310096944868,
              534.5414960692556,
              538.5209402609572,
              537.3770063188238,
              537.7844547492928,
              534.9429153442029
            ],
            "median": 537.3770063188238,
            "iqr": 2.4978543455332556,
            "min": 534.5414960692556,
            "max": 538.5209402609572,
            "q25": 535.2869625193448,
            "q75": 537.784816864878
          },
          "p50_ns": {
            "trial_values": [
              1785649.0,
              1800678.0,
              1816942.0,
              1787882.0,
              1788014.0,
              1786411.0,
              1802054.0
            ],
            "median": 1788014.0,
            "iqr": 14219.5,
            "min": 1785649.0,
            "max": 1816942.0,
            "q25": 1787146.5,
            "q75": 1801366.0
          },
          "p95_ns": {
            "trial_values": [
              2458583.0,
              2430499.0,
              2402150.0,
              2422062.0,
              2450848.0,
              2441176.0,
              2447460.0
            ],
            "median": 2441176.0,
            "iqr": 22873.5,
            "min": 2402150.0,
            "max": 2458583.0,
            "q25": 2426280.5,
            "q75": 2449154.0
          },
          "errors": {
            "trial_values": [
              0.0,
              0.0,
              0.0,
              0.0,
              0.0,
              0.0,
              0.0
            ],
            "median": 0.0,
            "iqr": 0.0,
            "min": 0.0,
            "max": 0.0,
            "q25": 0.0,
            "q75": 0.0
          }
        }
      }
    },
    "sqlalchemy_core_ping": {
      "checkout_only": {
        "native": {
          "throughput_ops_s": {
            "trial_values": [
              2055.2665674675973,
              2072.3309173405696,
              2061.1096489156203,
              2126.9226315089813,
              2069.8103342883956,
              2050.542739566979,
              2113.7936347299556
            ],
            "median": 2069.8103342883956,
            "iqr": 34.874167843653595,
            "min": 2050.542739566979,
            "max": 2126.9226315089813,
            "q25": 2058.188108191609,
            "q75": 2093.0622760352626
          },